year,area_ha
2017,4654.989047342675
2018,5999.6201391753
2019,5416.294232900911
2020,5490.575929950028
2021,5354.13542395952
2022,5174.097786534776
2023,5390.208827715344
2024,5682.169113145386
